title,price,unit,description
,"
	0.99
	","
Per box",Solo 2-laags tissues in een moderne box.
,"
	0.97
	","
300-ml","Classic &amp; Style, Power &amp; Hold, Volume &amp; Glans."
,"
	1.59
	","
Per pak","Goed Getest volgens de Libelle, april 2018."
,"
	1.34
	","
Per box",Solo 4-laags tissues Spirit of nature in een moderne box
,"
	0.99
	","
250-ml",Krullen &amp; glans of volume &amp; glans.
,"
	1.29
	","
300-ml",Keuze uit classic of sensitive.
,"
	2.99
	","
100-ml","Keuze uit Optimist, Ocean Blue, Vibrant Green en Classic Silver."
,"
	3.99
	","
Per pak",Navulmesjes kunnen worden gebruikt met het Aldi scheersysteem.
,"
	5.79
	","
Per stuk",Delta 4 sensitive.
,"
	1.74
	","
250-ml",Hydraterend en geschikt voor de gevoelige huid. Dermatologisch getest. Keuze uit classic en sensitive.
,"
	2.05
	","
1.98-l",In handige meeneemflesjes. 6 stuks. Keuze uit:
,"
	1.53
	","
2-l",Vruchtgehalte: 20%. Handige drinkpakjes van 200 ml. 10-pack.
,"
	1.15
	","
1-l",1 l.
,"
	0.69
	","
1,5-l",Keuze uit:
,"
	0.65
	","
1-l",1 l. Keuze uit sinaasappel/perzik.
,"
	1.29
	","
1-l","Appelsap, tropical en multivitamine."
,"
	0.58
	","
Per stuk",140 stuks.
,"
	0.99
	","
Per pak","Geheel plasticvrij papieren staafje, FSC-gecertificeerd."
,"
	0.90
	","
Per pak",30 stuks. 
,"
	1.69
	","
3-pak","Geeft je lippen een zacht gevoel en beschermt tegen uitdroging. Keuze uit classic, macadamia/sheabutter en gevoelige lippen. "
,"
	1.19
	","
250-ml","Keuze uit reinigingsmelk, oogmake-up verwijderaar, verzachtende tonic en micellair water."
,"
	2.99
	","
50-ml","Dagcrème: met Q10, SPF-15, voor alle huidtypes. Verfijnt en maakt de huid glad voor een egale teint. Nachtcrème: met Q10, voor alle huidtypes. Regeneert en maakt de huid glad."
,"
	4.49
	","
50-ml","Voor de dagelijkse verzorging. Keuze uit  Anti Aging, Aqua Complete en Revital."
,"
	2.49
	","
50-ml","Dagcrème: met Q10, Vitamine E &amp; Calcium. Verbetert de veerkracht, versterkt en verstevigt Nachtcrème: met Q10, abessijnse olie &amp; panthenol. Verbetert de veerkracht, versterkt en verstevigt"
,"
	1.28
	","
515 g","Een frisse smaakvolle groentespread, ideaal voor op brood of cracker."
,"
	0.69
	","
450-g","Frisse zoet/zure Rinse appelstroop. Heerlijk op brood, bij kaas of worst. Maar ook te gebruiken in sauzen. "
,"
	2.19
	","
500-g",Bijenhoning in pot.     
,"
	0.99
	","
300-g",Een traktatie op de boterham. Te lekker om niet van te snoepen.
,"
	1.89
	","
600-g",Een traktatie op de boterham of als decoratie op desserts of gebak.
,"
	0.79
	","
400-g",Gemengde vruchtenhagel. Een feestje op je brood of als decoratie te gebruiken. 
,"
	1.30
	","
300-g",In de smaken naturel en aardbei.
,"
	0.99
	","
200-g",Heerlijk te serveren bij de borrel of soep. Om af te bakken. Volgranen of wit.
,"
	0.89
	","
450-g",Om af te bakken.  
,"
	1.27
	","
280-g",4 stuks.
,"
	1.69
	","
300 - 320-g",Saucijzen- of worstenbroodjes. Om af te bakken. 
,"
	1.29
	","
240-g",Keuze uit naturel en knoflook koriander.
,"
	0.69
	","
500-g",2 x 5 stuks. Om af te bakken.
,"
	0.99
	","
360-g",Om af te bakken. 4 x 90 g.
,"
	0.45
	","
300-g",Petit pains (4 stuks) of piccolo's (6 stuks). Om af te bakken.
,"
	0.99
	","
180-g",Bereid met echte roomboter. Om thuis af te bakken. 4 stuks.
,"
	1.55
	","
300-g","3 witte mini-bolletjes, 3 witte mini-bolletjes met sesam, 3 mini-meergranenbolletjes en 3 mini-roombotercroissantjes."
,"
	0.95
	","
240 g",Naturel. 12 handige portieverpakkingen.
,"
	0.49
	","
200-g",4 stuks.
,"
	1.26
	","
170/185 g","Keuze uit zeezout &amp; peper, knoflook en rozemarijn."
,"
	1.59
	","
1.2-l",Aardbei. In meeneempakjes. 6 x 200 ml.
,"
	0.85
	","
500-g",In de smaken perzik-passievrucht en aardbeien. 4 porties.
,"
	1.55
	","
6 x 200 ml",In handige meeneempakjes. 6 x 200 ml.
,"
	0.76
	","
1-l",Vernieuwd recept! Minder suiker.
,"
	0.76
	","
1-l",0% vet.
,"
	0.99
	","
1-l","Best Getest volgens het Algemeen Dagblad, januari 2018."
,"
	1.19
	","
0,2-l-Per stuk","Banaan, aardbei, vanille of chocolade."
,"
	0.88
	","
1-l","Met toegevoegde calcium, vitamine B2, B12 en D."
,"
	0.81
	","
200-ml",Bevat 35% vet. Lang houdbaar.
,"
	0.64
	","
250-ml",Ook lekker in pasta's of wokgroenten. Bevat 20% vet.
,"
	1.49
	","
1-l",Lactosevrij. Keuze uit original en unsweetened.
,"
	0.88
	","
1-l","Lactosevrij. Met toegevoegde calcium, vitamine B2, B12 en D."
,"
	1.78
	","
400-g",Keuze uit maïsbollen en Italiaanse bollen. Om af te bakken. 4 x 100 g.
,"
	0.75
	","
250-g",Gebakken in de steenoven. Meergranen of wit.
,"
	0.49
	","
300-g",Om af te bakken. 2 x 150 g.
,"
	0.49
	","
500-g-Per pak","Vezelrijk Fries roggebrood. Van gebroken rogge, vol tarwezemelen"
,"
	1.79
	","
230-g","Ambachtelijk beschuit met zonnebloempitten, lijnzaad en sesamzaad."
,"
	0.78
	","
250-g",Naturel. 10 x 4 stuks.
,"
	0.35
	","
125-g",Knapperig en bros naturel beschuit. Naar wens te beleggen.
,"
	1.54
	","
175-g",Ambachtelijke luxe crackers kaas-pompoenpitten &amp; kaas.
,"
	0.41
	","
125-g",Knapperig volkoren beschuit met handige inkeping.  13 stuks.
,"
	1.29
	","
265-g",Knackebröd per 4 per 4 stuks verpakt in de varianten zonnebloempitten &amp; sesam en pompoenpitten &amp; lijnzaad.
,"
	0.99
	","
330-375 g",Sesam of volkoren. Per 5 stuks verpakt.
,"
	1.69
	","
315 g",Keuze uit meerzaden en spelt. Per 3 stuks verpakt.
,"
	0.78
	","
250-g","Een lichte en luchtige aanvulling van ontbijt, de lunch of gewoon als tussendoortje. "
,"
	2.49
	","
550-g",Keuze uit melk of puur.
,"
	1.89
	","
600-g",Een traktatie op de boterham of als decoratie op desserts of gebak. 
,"
	2.29
	","
600 g",Goed Getest volgens het Algemeen Dagblad mei 2019. 600 g.
,"
	1.89
	","
600-g",Een traktatie op de boterham of als decoratie op desserts of gebak.
,"
	1.69
	","
400-g",Speculoos boterhampasta. In een klassieke en crunchy variant.
,"
	1.83
	","
350-g","Alleen pinda's... niets meer, niets minder! Keuze uit fijn en grof."
,"
	2.09
	","
600 g",Extra smeuïge pindakaas. Met 85% pinda's.
,"
	1.69
	","
350 g",Goed Getest volgens het Algemeen Dagblad mei 2019.
,"
	1.49
	","
350-g",Extra smeuïge pindakaas. Met 85% pinda's.
,"
	1.47
	","
400-g","Heerlijk smueïge chocolade pasta. In melk, pure of witte chocola. "
,"
	2.49
	","
750-g",Bruine en witte pasta in één pot voor op de boterham. Met 6% hazelnoten. 
,"
	1.59
	","
310 g","Door het gebruik van meer fruit, in combinatie met minder suiker en een korte inkooktijd, ontstaat er een pure fruitsmaak. Bevat 30% minder suiker dan traditionele jam. In de smaken aardbei en abrikoos."
,"
	1.75
	","
310 -g","Door het gebruik van meer fruit, in combinatie met minder suiker en een korte inkooktijd, ontstaat er een pure fruitsmaak. Bevat 30% minder suiker dan traditionele jam. "
,"
	1.22
	","
325-g",Keuze uit rozijnen en naturel. 5 stuks.
,"
	0.99
	","
450-g",Heerlijke zoete bosvruchten- of kersenjam. Met 50% fruit.
,"
	1.55
	","
475-g",Zero suiker toegevoegd. Gesneden. 
,"
	0.99
	","
450 g",Heerlijke zoete viervruchten- of abrikozenjam. Met 50% fruit.
,"
	0.69
	","
550-g","Vezelrijke ontbijtkoek, ideaal voor bij het ontbijt maar ook als tussendoortje."
,"
	1.19
	","
262 g","Keuze uit krenten &amp; rozijnen, appel en bosvruchten."
,"
	1.25
	","
5 stuks",Per stuk verpakt. 
,"
	1.22
	","
275-g",Ontbijtkoek repen per 5 stuks verpakt. Lekker op elk moment van de dag. 
,"
	1.64
	","
450-465 g",Rijkgevulde luxe ontbijtkoek in de varianten rozijnen en appel &amp; kaneel.
,"
	0.99
	","
200-g",8 repen. Keuze uit:
,"
	1.29
	","
210-g",Keuze uit stevige havermoutrepen en granenrepen met stukjes cranberry. 9 repen.
,"
	1.29
	","
245-g","Krokante tarwe biscuits, vol melk en rijk aan calcium. Keuze uit aardbeien of melk. Met 40% vulling. 6x2 stuks. "
,"
	1.94
	","
320-g","Italiaans dessert met savoiardo biscuit, oploskoffie, mascarpone en cacaobereiding. Bevat 1.8 % alcohol. 4 porties."
,"
	0.39
	","
200-g",Rijstdessert met vanillesmaak.
,"
	1.19
	","
360-g",Luchtig chocoladetoetje. 4 porties.
,"
	0.50
	","
200-g",Keuze uit:
,"
	1.49
	","
1-kg","Volle romige yoghurt. Keuze uit aardbei, stracciatella en perzik-passievrucht."
,"
	0.99
	","
1-l",1 l.
,"
	0.99
	","
1-l",Chocolade-vanille smaak.
,"
	2.49
	","
250-g","Ongezouten, 83% vet."
,"
	1.99
	","
250-g",Ongezout.
,"
	0.98
	","
450-g", Met 50% fruit. 
,"
	1.25
	","
500-g","Knapperige cornflakes. Heerlijk met melk, yogurt of kwark. Begin de dag vol energie. "
,"
	1.59
	","
425 g","Keuze uit rood fruit, original en pure chocolade. Bomvol granen. Rijk aan 8 vitaminen en ijzer."
,"
	2.24
	","
900-g",Heerlijk krokante muesli. In de varianten appel-rozijn en rozijn. 
,"
	2.99
	","
900-g",Heerlijk krokante muesli met vier verschillende noten. Vezelrijk en zoutarm. 
,"
	2.76
	","
900-g",Heerlijk krokante muesli met chocolade. Vezelrijk en zoutarm. 
,"
	1.89
	","
1-kg",Volkoren muesli. In de varianten vruchten of druiven-noten.
,"
	1.47
	","
335-g",Verpakt per 2 stuks. 9x2 stuks. Keuze uit:
,"
	0.39
	","
130 g","Heerlijk luchtige en knapperige rijstwafels, gepoft voor ieder moment van de dag."
,"
	0.79
	","
150-g",Roomboter bladerdeeg stengels met kaas of zout. 
,"
	1.43
	","
145-g",Hartige rijstwafels met paprikasmaak of kaassmaak.
,"
	2.49
	","
50-ml",Verzorgende aqua-complete nachtcrème voor alle huidtypes of aqua-complete hydraterende crème voor alle huidtypes.
,"
	0.95
	","
150 g","Rijstwafels met een laagje melk of pure chocolade, lekker voor tussendoor."
,"
	0.92
	","
250-g",Kraakverse rijstzoutjes. Droog geroosterd volgens origineel recept.  
,"
	1.19
	","
150-175-g","Knapperige rijstzoutjes. Keuze uit hot krokantjes, Japanse bollenmix en oriental mix."
,"
	2.25
	","
300-g",Mix van rijstzoutjes en gecoate pinda’s. Lekker voor bij de borrel.
,"
	2.79
	","
750 ml","Makkelijk, snel en lekker alternatief voor een zelfgemaakte smoothie. Keuze uit:"
,"
	1.49
	","
250-ml","Keuze uit boerenkool-venkel-avocado-broccoli, wortel-mango-pastinaak en rode biet-wortel-mango."
,"
	1.69
	","
500-ml","Keuze uit sinaasappel-aardbei, ananas-meloen-mango, appel-peer-framboos en sinaasappel-kiwi."
,"
	0.46
	","
250-g",Met grof zeezout.
,"
	1.99
	","
750-ml","Vandaag geperst, morgen in jouw koelkast. Zonder toevoegingen, verser en gemakkelijker kan niet."
,"
	1.05
	","
1.5-l","Licht sprankelende fruitdrank. 6-pack. Keuze uit appel&amp;perzik, witte druiven&amp;citroen en rood fruit&amp;cranberry."
,"
	1.08
	","
6 x 0.2 l",6-pack.
,"
	0.49
	","
0.25-l",Keuze uit de smaken Cola Engery en Oranje.
,"
	0.45
	","
0,25-l",0.25 l.
,"
	1.49
	","
1.98-l",6 x 33 cl.
,"
	1.49
	","
1.98-l",6 x 33 cl.
,"
	1.49
	","
6 x 33 cl",6 blikjes. 
,"
	1.69
	","
1.98 l",6 x 33 cl.
,,"
0.25 l",<b>Red Bull                                </b>
,,"
Per stuk",250 ml.
,"
	1.99
	","
6 x 0.5 l",Keuze uit Orange en Blue. Rijk aan vitamines. 6 x 0.5 l.
,"
	1.99
	","
6 x 0.5 l","Keuze uit ice tea perzik, lemon en green."
,,"
1.5 l", Keuze uit Sparkling Lemon of Green.
,,"
1.5 l",<b>Sprite of Fanta                         </b>
,,"
4 x 1.75-l",<b>Coca Cola                    </b>
,"
	1.69
	","
1-l",Keuze uit:
,"
	0.79
	","
1.5-l ",Regular of zero.
,"
	1.19
	","
1.5-l",12-vruchten nectar.
,"
	0.99
	","
1.5-l","Keuze uit sinaasappel, appel en multivitamine."
,"
	1.43
	","
1,5-l",100% sap.
,"
	1.29
	","
1.5-l",100% sap.
,"
	1.89
	","
2-l","Kinderlimonade in de smaken fruitmix, appel-framboos en appel-aardbei. 10-pack."
,"
	2.19
	","
0.75-l",Keuze uit perzik en citroen.
,"
	1.19
	","
0,75-l",Met 37% vruchtensap en toegevoegde vitamine E.
,"
	2.19
	","
0.75 l",Met 75% vruchtensap. Keuze uit grenadine en sinaasappel. Grenadine siroop is Best Getest volgens De Limburger juli 2020.
,"
	0.39
	","
1.5-l",Koolzuurvrij.
,"
	0.39
	","
1.5-l",1.5 l.
,"
	1.99
	","
3-l",Keuze uit:
,"
	0.99
	","
3-l",In handige meeneemverpakking. 6 stuks.
,"
	2.19
	","
0,75-l", Met 75% vruchtensap. Keuze uit cassis of aardbeien. 
,"
	0.79
	","
1.5-l","Keuze uit appel &amp; peer, citroen &amp; passievrucht en framboos &amp; bosbes. Zonder koolzuur. "
,"
	0.62
	","
1.5-l","Keuze uit lemon, cranberry en peach. "
,"
	0.99
	","
3-l",In handige meeneemverpakking. 6 stuks.
,"
	1.79
	","
6 x 0.5 l",In de smaken citoren en munt. Koolzuurvrij. 6 stuks.
,"
	6.91
	","
Per pak","De meest voorkomende klacht die er is, is dat de luiers doorlekken. Dit wordt vrijwel altijd veroorzaakt doordat een te grote maat is gekocht, met name bij maat 5. Dit komt doordat kinderen in bepaalde fasen meer bewegen of sneller groeien. Daardoor worden ze slanker en kan het nodig zijn om tijdelijk terug te gaan naar een kleinere maat."
,"
	6.15
	","
Per pak","De meest voorkomende klacht die er is, is dat de luiers doorlekken. Dit wordt vrijwel altijd veroorzaakt doordat een te grote maat is gekocht, met name bij maat 5. Dit komt doordat kinderen in bepaalde fasen meer bewegen of sneller groeien. Daardoor worden ze slanker en kan het nodig zijn om tijdelijk terug te gaan naar een kleinere maat."
,"
	5.99
	","
Per pak","De meest voorkomende klacht die er is, is dat de luiers doorlekken. Dit wordt vrijwel altijd veroorzaakt doordat een te grote maat is gekocht, met name bij maat 5. Dit komt doordat kinderen in bepaalde fasen meer bewegen of sneller groeien. Daardoor worden ze slanker en kan het nodig zijn om tijdelijk terug te gaan naar een kleinere maat."
,"
	6.39
	","
Per pak","De meest voorkomende klacht die er is, is dat de luiers doorlekken. Dit wordt vrijwel altijd veroorzaakt doordat een te grote maat is gekocht, met name bij maat 5. Dit komt doordat kinderen in bepaalde fasen meer bewegen of sneller groeien. Daardoor worden ze slanker en kan het nodig zijn om tijdelijk terug te gaan naar een kleinere maat."
,"
	6.79
	","
Per pak","De meest voorkomende klacht die er is, is dat de luiers doorlekken. Dit wordt vrijwel altijd veroorzaakt doordat een te grote maat is gekocht, met name bij maat 5. Dit komt doordat kinderen in bepaalde fasen meer bewegen of sneller groeien. Daardoor worden ze slanker en kan het nodig zijn om tijdelijk terug te gaan naar een kleinere maat."
,"
	4.99
	","
Per pak","De meest voorkomende klacht die er is, is dat de luiers doorlekken. Dit wordt vrijwel altijd veroorzaakt doordat een te grote maat is gekocht, met name bij maat 5. Dit komt doordat kinderen in bepaalde fasen meer bewegen of sneller groeien. Daardoor worden ze slanker en kan het nodig zijn om tijdelijk terug te gaan naar een kleinere maat."
,,"
150 ml",Keuze uit Africa en Dark Temptation.
,,"
250 ml",Keuze uit Apollo en Black.
,"
	2.49
	","
Per pak","De meest voorkomende klacht die er is, is dat de luiers doorlekken. Dit wordt vrijwel altijd veroorzaakt doordat een te grote maat is gekocht, met name bij maat 5. Dit komt doordat kinderen in bepaalde fasen meer bewegen of sneller groeien. Daardoor worden ze slanker en kan het nodig zijn om tijdelijk terug te gaan naar een kleinere maat."
,"
	0.99
	","
Per pak",Keuze uit Comfort (hypoallergeen) en sensitive (0% parfum). 
,"
	1.29
	","
200-ml","Keuze uit Attraction, Cool, Sensitive Active en Defense."
,"
	1.29
	","
200-ml","Keuze uit: Ultra Fresh, Sensitive Care, Pure Basic en Comfort Dry"
,"
	0.99
	","
50-ml",Keuze uit:
,"
	1.99
	","
500-ml",Keuze uit rijke bodymilk met amandelolie en vitamine E voor de droge huid en hydraterende bodylotion met avocado-olie en Vitamine E voor de normale huid.
,"
	1.89
	","
500-ml",De milde verzorging voor gezicht &amp; lichaam. Keuze uit zeepvrij en parfumvrij.
,"
	0.82
	","
300-ml","Keuze uit Spa sensation: jasmijnextract &amp; minerale zouten, Fun sensation: extracten van mango &amp; gemberolie en Complete relax: oranjebloesem &amp; essentiële lavendelolie."
,"
	0.99
	","
300-ml","Creamshower met melkeiwitten en honing, kamill-extract of avocado-olie."
,"
	1.39
	","
1-l","Voor heerlijk geurend en zacht schuim. Keuze uit  rozen-dromen, droom-lagune en melk&amp;honing."
,"
	0.99
	","
300-ml","Douchegel en shampoo in één. Voor mannen. Keuze uit Classic, Sport en Cool."
,"
	0.89
	","
500-ml","Sensitive, melk &amp; honing of grapefruit."
,"
	1.99
	","
125-ml",Keuze uit drie soorten:
,"
	1.19
	","
500-ml",Vermindert tandplak en is een nuttige aanvulling op de dagelijkse mond- en tandverzorging. Keuze uit Zero en X-fresh.
,"
	0.69
	","
125-ml",Keuze uit:
,"
	1.29
	","
Per stuk","2-pack tandenborstels in diverse kleuren. Keuze uit: baby tandenborstel: 0-2 jaar, kinder tandenborstels: 2-6 jaar of junior tandenborstels: 6+."
,,"
75-ml",De Oral-B 1-2-3 Mint Tandpasta is een frisse tandpasta met een heerlijke mintsmaak. De tandpasta is perfect voor de dagelijkse verzorging van uw gebit. Door de toevoeging van fluoride wordt het glazuur van uw tanden harder gemaakt en zal uw gebit beschermt worden tegen gaatjes.
,,"
32 stuks",Normaal of Super.
,"
	0.79
	","
100-ml",Tandpasta voor kinderen. Helpt beschermen tegen gaatjes.
,"
	1.09
	","
Per pak",Voor een langdurig fris gevoel met een katoenzacht bovenlaagje. Sterk absorberende kern. Keuze uit geparfumeerd of ongeparfumeerd. 45 stuks.
,"
	1.19
	","
2-pack","Keuze uit extra zacht, medium en zacht. 2 stuks."
,"
	1.09
	","
Per pak","Voor een discrete, hygienische en comfortabele bescherming met een katoenzacht bovenlaagje. Sterk absorberende kern. Keuze uit extra large fresh, geparfumeerd (26 stuks) of large, ongeparfumeerd (35 stuks)."
,"
	4.99
	","
Per pak",Medium (12 stuks) of large (10 stuks).
,"
	0.99
	","
Per pak",Bijzonder zacht en comfortabel dankzij de anatomische vorm. Normaal verband 20 stuks of nachtverband 15 stuks.
,"
	0.99
	","
Per pak",Keuze uit normaal en super.  32 stuks. 
,"
	1.99
	","
Per pak","Keuze uit long, mini en ultra normal. 16, 20 of 22 stuks. "
,"
	0.99
	","
Per pak",Keuze uit: nacht met vleugels (12 stuks) en super met vleugels (14 stuks).
,"
	1.99
	","
Per pak",Keuze uit:
,"
	0.99
	","
Per pak",Keuze uit normaal (20 stuks) en normaal met vleugels (18 stuks).
,"
	2.99
	","
Per stuk","Keuze uit  omega 3, energie &amp; weerstand en magnesium."
,"
	1.99
	","
15-ml",<b>Omschrijving</b>
,"
	3.79
	","
50 g.",<b>Omschrijving</b>
,"
	0.71
	","
10 tabletten.",<b>Omschrijving</b>
,"
	0.50
	","
20 tabletten.",<b>Omschrijving</b>
,"
	12.49
	","
5-pack",COVID-19 Test 5-pack.Een snelle test voor de opsporing van SARS-CoV-2-antigenen in neusspecimens. 
,"
	2.89
	","
Per stuk",COVID-19 Test.Een snelle test voor de opsporing van SARS-CoV-2-antigenen in neusspecimens.
,"
	0.99
	","
150-ml",Keuze uit:
,"
	0.99
	","
300-ml","Douchegel en shampoo in één. Voor mannen. Keuze uit Classic, Sport en Cool."
,"
	0.89
	","
300-ml",Keuze uit:
,"
	1.99
	","
600 g",Voor de speltliefhebber gemaakt van 100% spelt.
,"
	1.89
	","
600 g",Met volkorenmeel. De rijkst gevulde in zijn soort.
,"
	1.79
	","
600 g",Klassiek witbrood gemaakt met desem voor extra karakter.
,"
	1.89
	","
600 g",100% volkorenbrood met extra veel vezels.
,"
	2.49
	","
0.75 l",Zomerse wijncocktail met bubbels en de smaak van watermeloen. Lekker met veel ijs.
,"
	3.99
	","
0.75-l-Per fles","Best Getest volgens Jan Magazine, december 2018."
,"
	1.99
	","
0.75-l-Per fles","Aromatische, licht mousserende wijncocktail met een verleidelijk zoetje."
,"
	1.99
	","
0.75 l",Wijncocktail met lichte bubbels. Keuze uit limoen en rosé.
,"
	3.99
	","
0.75 l",Spanje
,"
	5.59
	","
700 g",700 g.
,"
	1.65
	","
2 x 100 g",2 x 100 g.
,"
	2.69
	","
4 x 100 g",4 stuks.
,"
	1.80
	","
Ca. 200 g",2 stuks.
,"
	3.99
	","
4 x 125 g",Texas style. 4 stuks.
,"
	0.81
	","
200-ml",Een heerlijke basis voor currygerechten of geeft een lekkere exotische smaak aan fruitshakes. Ook geschikt als een verrassend alternatief  voor slagroom.
,"
	0.69
	","
280-g","Halve zongedroogde tomaten in olie, heerlijk voor o.a. salades en tapenades."
,"
	1.80
	","
420-g",6 x 70 g.
,"
	1.49
	","
400-g","Frisse salade van komkommer, selderij, wortel, prei en ui. "
,"
	1.49
	","
500-g","Couscous, de basis voor vele specialiteiten uit het oosten. Ook lekker als maaltijdsalade."
,"
	1.19
	","
320-370-g",Keuze uit 8 meergranen wraps Ø20 cm en 6 volkoren wraps Ø25 cm.
,"
	0.92
	","
320-370 g",Keuze uit 6 wraps Ø25 cm en 8 wraps Ø20 cm. Tortilla wraps op basis van tarwebloem. Koud of warm te gebruiken. 
,"
	2.56
	","
250 ml","Agavesiroop van Mama Nature is 100% biologisch. De siroop is afkomstig van de biologisch geteelde agaveplant uit Mexico. Agavesiroop is een smakelijk alternatief voor bijvoorbeeld suiker en zoetjes. Door de lichte en milde smaak is agavesiroop op veel verschillende manieren te gebruiken; bijvoorbeeld in koffie of thee, ontbijtgerechten, toetjes of bij het bakken van zoete lekkernijen. Agavesiroop heeft een hogere zoetkracht dan suiker, waardoor je er minder van nodig hebt. "
,"
	0.99
	","
500-g",Bij uitstek geschikt voor het zoeten van warme dranken of bij de bereiding van gebak.
,"
	0.27
	","
120-g",15 x 8 g.
,"
	0.49
	","
400-g","Eenvoudig te bereiden, nieuw receptuur. Voor ca. 12 pannekoeken."
,"
	1.69
	",,"Keuze uit fondant, stiften en dispensers. Om uw taart nog mooier te maken."
,"
	1.89
	","
560-g",Keuze uit kersen en aardbeien.
,"
	1.94
	","
395-g",Keuze uit aardbei en naturel.
,"
	0.69
	","
400-g",Bindmiddel.
,"
	1.89
	","
150-g",Vissalades in de smaken garnaal-surimi en tonijn. 
,"
	1.59
	","
500-g ",Heerlijke rozijnen. Lekker in yoghurt of kwark.
,"
	1.19
	","
200-g","Keuze uit beenham-mosterd, pittige kip, kipsaté, en Surinaamse ei."
,,"
Per 6 stuks",Zoetzure appels. 6 stuks.
,"
	1.89
	","
170-g",Keuze uit bacon ei en spicy chicken.
,"
	1.99
	","
170-g",Keuze uit chicken tandoori en tonijn.
,,"
2 kg",2 kg.
,"
	1.69
	","
2 x 150 g",Keuze uit paprika-olijf en knoflook-mozzarella.
,"
	1.29
	","
200-g",Broodje hotdog met ketchup.
,"
	2.69
	","
400-g-Per pak",Keuze uit groenten lasagne met courgette en aubergine of lasagne met gerookte zalm en spinazie.
,"
	2.69
	","
400 g",Keuze uit lasagne met kip en champignons en lasagne met pittig rundvlees. 
,"
	0.65
	","
500-g","Keuze uit wit, spelt-volkoren en meergranen."
,"
	1.75
	","
400-g",Lasagne Bolognese met hamreepjes of lasagne verde met hamreepjes en spinazie.
,"
	2.69
	","
1-kg",1 kg. 
,"
	1.69
	","
415-g",Oud Hollandse poffertjes. 50 stuks.
,"
	1.99
	","
400 g",Macaroni ham-kaas of spaghetti bolognese.
,"
	1.89
	","
250-g","Keuze uit 4-kazen, tomaat-mozarella en basilicum-pesto."
,"
	1.99
	","
250 g",Keuze uit:
,"
	1.79
	","
250-g",Vissalades in de smaken krab-surimi en zalm. De luxe vissalades zijn gegarneerd.
,"
	2.59
	","
300-g","Keuze uit zalm &amp; broccoli, tomaat &amp; mozarella, lorraine en prei &amp; spek. "
,"
	2.99
	","
1 kg ","Keuze uit andijvie, boerenkool en zuurkool met spekjes en de vegetarische hutspot."
,"
	3.29
	","
500-g","Keuze uit runderhachee, rode kool en aardappelpuree, cordon bleu met spinazie a la crème en aardappel of hamburger met jus, sperziebonen en aardappel."
,"
	3.29
	","
500-g","Keuze uit runderlapje met stoofpeertjes en aardappelpuree, rundergehaktbal met bloemkool en aardappel of kipfilet met stroganoffsaus, sperziebonen en aardappel."
,"
	2.89
	","
500-g",2-vaks. Keuze uit:
,"
	2.99
	","
500-g","Keuze uit kip teriyaki, babi ketjap, kip zoetzuur en foe yong hai zonder vlees."
,"
	2.99
	","
500 g ",Keuze uit Babi Pangang bami goreng en nasi goreng en Saté ajam bami goreng en nasi goreng.
,"
	2.99
	","
450-g","Foe yong hai zonder vlees, in de wok gebakken ei met groenten in een zoetzure saus. Saté ajam met stukjes kip in satésaus. "
,"
	3.49
	","
800 g","Kant-en-klaarmaaltijden om op te warmen in magnetron, koekenpan, wok of oven. "
,"
	2.99
	","
500-g","Keuze uit Thaise rode curry, kip tandoori en kip tikka masala."
,"
	1.99
	","
150 g","Keuze uit zongedroogde tomaat, Sweet peppers en Yellow peppers. "
,"
	1.50
	","
190-g","Mix van cantaloupe, gele meloen en watermeloen. Vers gesneden fruit, klaar voor gebruik."
,"
	0.99
	","
200-g","Knapperige ijsbergsla met radicchio sla, witte kool en wortel. "
,"
	1.50
	","
190 g","Deze verse salade bestaat uit zorgvuldig geselecteerde stukjes mango, appel, ananas en druiven.﻿"
,"
	1.39
	","
400-g","Extra fijngesneden wortel, prei, selderij en bloemkool."
,"
	0.99
	","
200-g",Knapperig en heerlijk fris van smaak.
,"
	1.79
	","
400-g","Mix van witte kool, paprika, soerziebonen, prei en taugé."
,"
	1.79
	","
400-g","Mix van champignons, prei, rode ui en peterselie."
,"
	1.79
	","
150 g","Heerlijke mix van batavia, romana, rucola en jonge bladspinazie."
,"
	1.79
	","
400-g","Mix van prei, paprika, wortel, rode ui en courgette."
,"
	1.49
	","
450-g","Mix van prei, rode ui, groene, gele en rode paprika."
,"
	1.49
	","
450-g","Mix van verse prei, taugé, witte kool, spitskool, rode ui, wortel en een rood pepertje."
,"
	1.49
	","
400-g",Salade van knapperige wortel en kool met zoete stukjes ananas. 
,"
	1.99
	","
400-g",Klaar om te koken of roerbakken.
,,"
500-g ",Voorgekookt.
,,"
Per stuk",1 stuk.
,,"
3 stuks",3 stuks.
,,"
Per stuk",1 stuk.
,"
	1.25
	","
400-g","Direct klaar voor gebruik om te roerbakken, voor in een salade, stamppot of hartige taart."
,,"
500 g",500 g.
,,"
Per stuk",1 stuk.
,"
	0.89
	","
100-g",Smaakvolle garnalen snack.
,"
	0.89
	","
125-g",Knapperige cassave met een milde pittige smaak.
,"
	1.29
	","
4 x 125 g",Oerhollands lekkere instant aardappelpuree met een vleugje nootmuskaat.
,"
	0.71
	","
95-g","Keuze uit uitjes, naturel en rundvlees. 5-pack."
,"
	1.79
	","
500 g",500 g.
,,"
342-478 g","Keuze uit kip tandoori, lasagne en burritos."
,"
	1.39
	","
196-241-g",Keuze uit lasagnette en lasagne.
,"
	0.99
	","
150-g",Keuze uit een winter- en zomer assortiment.
,"
	3.49
	","
450 g","Combinatie van groente- slamix, aardappels en kip met een perfecte caesar dressing."
,"
	2.59
	","
450 g","Pasta salade met kipfilet, gebakken spek, rode paprika en mais. Pasta salade met tonijn, ei, kalamata olijven, rode ui en verse kruiden."
,"
	1.99
	","
295-g","Boerensalade met ijsbergsla, paprika, Goudse kaas, rode ui en walnoten. "
,"
	1.99
	","
250-g","Italiaanse salade met mozzarella, zongedroogde tomaat en balsamico."
,"
	1.99
	","
285-g","Caesarsalade met ansjovis, ei, croutons, grana alanda kaas met een Caesardressing."
,,"
2 kg",2 kg.
,,"
kg-4 stuks",Blijderveen is een van de vaste telers voor Aldi en is al meer dan 100 jaar actief in de teelt van fruit.
,,"
225 g",In handige shakebeker.
,,"
1-kg",Blijderveen is een van de vaste telers voor Aldi en is al meer dan 100 jaar actief in de teelt van fruit.
,"
	2.29
	","
400-g","Al gewassen en gebroken, klaar om te koken, wokken of roerbakken."
,,"
Per krop",1 krop.
,"
	0.79
	","
500-g","Knapperig, fris en zoet van smaak. Lekker, zowel rauw als gekookt."
,"
	0.99
	","
400-g","Met zijn zoete, iets bittere smaak, heerlijk om te koken of roerbakken."
,"
	4.59
	","
500 g",500 g.
,"
	2.28
	","
220 g",2 stuks.
,"
	2.49
	","
250-300 g",Kipfiletschnitzel 250 g en Kipfilethaasjes 300 g.
,"
	5.00
	","
600 g",600 g.
,"
	3.99
	","
500 g",500 g.
,"
	7.50
	","
1 kg",5 stuks.
,"
	2.29
	","
2 x 126 g",2 stuks.
,"
	9.14
	","
1-kg",Keuze uit American en Western style.
,"
	2.55
	","
500 g",500 g.
,"
	6.00
	","
900 g",900 g.
,"
	3.09
	","
500 g",Ongekruid. Maximaal 15% vet.
,"
	0.83
	","
125-g",Gekookt.
,"
	3.69
	","
450 g",450 g.
,"
	3.35
	","
375 g",Tandori.
,"
	1.89
	","
280 g",2 stuks.
,"
	2.93
	","
400 g", 4 stuks. Met ham en kaas.
,"
	2.89
	","
500 g",500 g.
,"
	1.89
	","
275-g",Naturel.
,"
	5.50
	","
800 g ",8 x 100 g.
,"
	4.50
	","
5 x 125 g",5 stuks.
,"
	1.94
	","
2 x 110 g",2 stuks.
,"
	3.32
	","
350-g",350 g.
,"
	3.74
	","
0.75 l",Spanje
,"
	3.59
	","
400 g",4 stuks.
,"
	2.99
	","
0.75 l",Zuid-Afrika
,"
	3.99
	","
0.75 l","Deze alcoholvrije Sauvignon Blanc is lekker licht met tonen van onder andere groene appel, citroen en een hint van vers gemaaid gras."
,"
	4.79
	","
0.75 l",Portugal
,"
	2.49
	","
1-l-Per fles",Duitsland
,"
	4.39
	","
0.75 l",Chardonnay - Australië
,"
	4.39
	","
0,75 l",Sauvignon blanc / Chardonnay - Chili  
,"
	9.99
	","
3 l",Zuid-Afrika 
,"
	3.49
	","
0.75-l-Per fles",Frankrijk
,"
	2.49
	","
0.75-l-Per fles",Duitsland
,"
	3.69
	","
1-l-Per fles",Europa
,"
	3.49
	","
1-l-Per fles",Zuid-Afrika
,"
	3.99
	","
0.75-l","Goed Getest door De Grote Hamersma april 2019, 2020 en januari 2021."
,"
	3.99
	","
0.75 l",Best Getest door Hubrechtduijker.com april 2019 en mei 2018.
,"
	2.99
	","
0.75-l-Per fles",Australië - Chardonnay
,"
	3.99
	","
0.75 l",Chardonnay - Californië 
,"
	3.99
	","
0.75 l",Grüner Veltliner - Oostenrijk
,"
	4.29
	","
0.75 l","Viognier - Grenache, Frankrijk"
,"
	3.49
	","
0.75-l-Per fles",Spanje
,"
	3.29
	","
0.75 l",Sauvignon Blanc - Zuid-Afrika
,"
	1.39
	","
0.25-l-Per fles",Expressieve droge witte wijn. De smaak is levendig met een mix van citrusvruchten en tropisch fruit.
,"
	9.99
	","
3-l-Per fles",Chenin Blanc - Zuid-Afrika 
,"
	3.49
	","
1-l-Per fles",Frankrijk
,"
	2.99
	","
0.75 l ",Spanje 
,"
	2.99
	","
0.75 l",Chenin Blanc - Zuid- Afrika
,"
	3.99
	","
0.75 l",Spanje
,"
	3.89
	","
0.75 l",Chardonnay - Chili
,"
	3.29
	","
0,75 l",Pinot Grigio - Venetië - Italië
,"
	3.29
	","
0.75 l",Sauvignon Blanc - Chili
,"
	5.99
	","
0.75-l-Per fles",Frankrijk
,"
	1.99
	","
0,75 l","Dominant in centraal Spanje (Valdepenas, La Mancha). Hier heeft de druif zich perfect aangepast aan de droogte en extreem arme bodem. Koel vergist in roestvrijstalen tanks geeft Airén aangename, lichtvoetige wijnen met een relatief laag zuurgehalte voor ongecompliceerd drinkplezier. Alcohol: 11.5% Vol."
,"
	6.99
	","
0.75 l ",Spanje
,"
	5.99
	","
0.75 l",Sauvignon blanc - Nieuw-Zeeland
,"
	3.49
	","
0.75-l-Per fles",Spanje
,"
	4.79
	","
0.75 l",Portugal
,"
	3.69
	","
1 l",Spanje
,"
	3.69
	","
0.75 l",Portugal
,"
	2.99
	","
0.75-l-Per fles",Italië
,"
	3.99
	","
0.75 l","Goed Getest door De Grote Hamersma april 2020, januari 2021 en Koopje volgens Perswijn magazine december 2018."
,"
	3.99
	","
0.75 l",Italië - Negroamaro
,"
	5.99
	","
0.75 l",Italië - Puglia
,"
	4.29
	","
0.75 l",Cabernet Sauvignon / Syrah - Chili
,"
	3.99
	","
0.75 l",Frankrijk
,"
	3.99
	","
0.75-l-Per fles",Merlot carmenère - Chili
,"
	2.99
	","
0.75-l-Per fles",Pays d'Oc - Frankrijk
,"
	4.29
	","
0.75 l",Cabernet Sauvignon - Zuid-Afrika
,"
	3.99
	","
0.75 -l",Beau Rivage Cuveé Prestige - Frankrijk
,"
	3.99
	","
0.75 l",Languedoc - Frankrijk
,"
	3.99
	","
0.75-l",Tempranillo/Cabernet Sauvignon - Spanje
,"
	3.99
	","
0.75 l",Argentinië - Malbec
,"
	4.79
	","
0.75-l-Per fles","Goed Getest door De Grote Hamersma april 2020, januari 2021 en Best Getest door PLMA International Salute to Excellence Awards mei 2018."
,"
	2.99
	","
0.75 l",Cinsaut Pinotage -Zuid-Afrika
,"
	3.69
	","
0,75-l",Portugal  
,"
	3.79
	","
0.75 l",Cabernet Sauvignon - Chili
,"
	3.99
	","
0.75-l",Merlot - Zuid-Afrika
,"
	9.99
	","
3-l",Spanje.
,"
	2.49
	","
1-l-Per pak",Spanje - tempranillo
,"
	9.69
	","
3-l-Per pak",Merlot Carmenère - Chili
,"
	3.49
	","
0.75 l",Ruby Cabernet - Californië
,"
	9.69
	","
3-l-Per pak",Zuid-Afrika - Cinsaut Pinotage
,"
	2.99
	","
0.75-l-Per fles",Shiraz - Australië 
,"
	3.99
	","
1 l",Frankrijk
,"
	1.39
	","
0.25 l",Argentinië
,"
	2.99
	","
0.75-l-Per fles",Merlot - Chili
,"
	1.39
	","
25-cl-Per fles",Europa
,"
	3.74
	","
0.75 l",Duitsland.
,"
	3.49
	","
1-l-Per fles",Europa 
,"
	3.99
	","
0.75 l",Italië
,"
	3.85
	","
400-g","Voor ons biologishe gehakt krijgen de dieren zachte ligplaatsen binnen en kunnen ze extra veel naar buiten. Ervaar het zelf, bekijk de video. "
,"
	3.69
	","
500 g",500 g.
,"
	3.09
	","
500 g",Ongekruid. Maximaal 15% vet.
,"
	2.47
	","
300 g",300 g.
,"
	3.85
	","
300 g",Ongekruid. Maximaal 15% vet.
,"
	2.66
	","
650-g",Naturel.
,"
	2.29
	","
125-150-g",Keuze uit Grana Padano of Parmigiano Reggiano. Smaakvolle harde kaas voor over Italiaanse gerechten. 
,"
	1.89
	","
200 g",Pittige oude geraspte kaas.
,"
	1.69
	","
150 g","Voor ovenschotel: mix van Emmental, mozzarella en Edam. De kaasmix smelt goed en geeft een heerlijk bruin en knapperig korstje aan het gerecht. De perfecte kaas om mee te gratineren."
,"
	2.09
	","
250-g",Jong belegen. Minimaal 7 weken natuurgerijpt.
,"
	0.57
	","
100-g",Lichte smeerkaas 20+ met mosterd of ham.
,"
	0.57
	","
100-g",Romige volle smeerkaas 48+ met sambal of zwarte peper.
,"
	1.09
	","
200 g","Keuze uit bieslook light, naturel light en naturel."
,"
	3.09
	","
400 g","Naturel. Om te bakken, braden of grillen. 4 stuks."
,"
	2.99
	","
200-210 g",Keuze uit sunakku en shokuji.
,"
	3.99
	","
200 g",Keuze uit wokgarnalen in knoflookolie of Indian curry marinade. 
,"
	4.99
	","
250 g",Verse Noorse zalmfilets met huid. 250 gram.
,"
	4.99
	","
250 g",Verse Noorse gemarineerde zalmfilets met huid. 250 gram.
,"
	2.74
	","
Ca. 250 g",Naturel of peper. Op ambachtelijke wijze gerookt. 
,"
	4.49
	","
200 g","Best Getest door Telegraaf, september 2021."
,"
	3.29
	","
100 g",Gevangen in de Noordzee. Gekookt en gepeld.
,"
	0.75
	","
500-g-Per zak",Kruimig of vast.
,"
	0.99
	","
700-g",Voorgekookte aardappelen om te bakken of te frituren.
,"
	1.75
	","
450-g",Aardappelschijfjes in een heerlijk romige saus om af te bakken in de oven. Klaar in een handomdraai.
,"
	0.89
	","
700-g",Voorgebakken frites om te bakken of te frituren.
,,"
2-kg",2 kg.
,,"
5-kg",5 kilo.
,,"
1-kg",1 kg.
,,"
3-kg",3 kg.
,"
	1.49
	","
200 g",Best Getest door De Hippe Vegetariër.
,"
	1.59
	","
200 g",Keuze uit groenteburger en Oosterse schijf.
,"
	1.59
	","
200 g",<b>Vegan burger</b>
,"
	1.49
	","
200 g",Best Getest door De Hippe Vegetariër.
,"
	1.49
	","
175 g","Vega wokreepjes, lekker door de wok zonder vlees. Vegan gehakt, de perfecte basis voor pasta, roerbakgerechten of ovenschotels."
,"
	3.99
	","
0.75 l","Duitsland - Droge Riesling 2017, Hochgewächs, Pfalz"
,"
	0.69
	","
200-g",Naturel.
,"
	3.79
	","
200 g",Stuk 30+. Minimaal 24 maanden gerijpt. Lekker over pasta of door salade.
,"
	1.39
	","
100-g","Roomkaas van gepasteuriseerde melk. Keuze uit gerookte zalm, peper en kruidenrolletje."
,"
	4.25
	","
0.75 l","Goed Getest volgens De Grote Hamersma, maart 2021."
,"
	0.99
	","
200 g",Echte Franse roombrie 60+. Op traditionele wijze in taartvorm gerijpt en pas kort voor het verpakken verdeeld in klassieke briepunten.
,"
	2.49
	","
150-200 g","Keuze uit Franse kaas uit de Pays Basque, Vogezen, Chèvre Anjou en Pyrénées."
,"
	2.19
	","
2 x 100 g","2 x 6 geitenkaasschijfjes met honing. Lekker op een broodje, in de salade of gezellig bij de borrel."
,"
	1.94
	","
200 g","Ziltig, uitgesproken pittig en intens romig: voor de echte kaasliefhebber gaat er weinig boven een stukje blauwe kaas. Deze heerlijke schimmelkaas is niet te versmaden op een simpel toastje bij een glas wijn of rode port, maar doet het ook geweldig in de keuken, bijvoorbeeld over de pasta of pizza, gesmolten over een sappige steak, of in een salade met peer en walnoten. De mogelijkheden van deze veelzijdige kaas zijn eindeloos. Natuurlijk ligt deze bijzondere kaas ook in de schappen van ALDI. Zoals een Italiaanse gorgonzola of een zachte Deense blauwe kaas. Proef ze allebei. Voor de prijs hoeft niemand het te laten."
,"
	1.99
	","
375-g",Keuze uit saladeblokjes in olie met kruiden en in olie met olijven. 
,"
	1.99
	","
200 g"," Feta kaas is een Griekse kaassoort die behoort tot de familie van witte kazen. De kaas wordt gemaakt van schapenmelk, doorgaans aangevuld met geitenmelk. Feta kaas wordt gezouten en geconserveerd in een zoutoplossing gedurende een periode van minimaal twee maanden. De prikkelende zoutige smaak van feta kaas varieert van mild tot scherp. Deze kaassoort is erkend door de Europese Unie als een traditioneel Grieks product met Beschermde Oorsprongsbenaming (BOB). Alleen wanneer feta kaas in bepaalde delen van Griekenland wordt gemaakt, mag het feta genoemd worden. Nog nooit feta geproefd? Dan wordt het hoog tijd. Gelukkig verkoopt ALDI feta kaas tegen een aantrekkelijk lage prijs. "
,"
	0.69
	","
125-g","Milde en zachte smaak. Voor bij de maaltijd, door de salade of als tussendoortje. "
,"
	0.99
	","
125-g","Milde en zachte smaak. Voor bij de maaltijd, door de salade of als tussendoortje. "
,"
	2.99
	","
200 g",Lekker zacht van smaak.
,"
	2.19
	","
2 x 100 g","2 x 6 geitenkaasschijfjes naturel. Lekker op een broodje, in de salade of gezellig bij de borrel."
,,"
185-200 g","Keuze uit Original volle romige smaak, Light frisse romige smaak met minder vet en knoflook &amp; fijne kruiden."
,,"
200 g","Keuze uit Original en Lightlife.  8 plakken per verpakking. Gemaakt met melk uit de omgeving van Nederlandse kaasmakerijen, van koeien die in de wei grazen. Gevoerd zonder GMO. Lactosevrij en geschikt voor vegetariërs."
,"
	2.29
	","
175 g",Keuze uit belegen of oud.
,"
	2.49
	","
250-g",Kaasblokjes van Goudse 48+ kaas.
,"
	9.99
	","
ca. 1.7",Min. 4 weken gerijpt.
,"
	2.49
	","
200 g",200 g. 52-56 weken gerijpt. Ca. 6 plakken.
,"
	1.99
	","
225 g",Gouda Holland kaas 30+. Zonder kleurstof en conserveermiddelen. Ca. 7 plakken.  Extra belegen: minimaal 28 weken natuurgerijpt. Belegen: minimaal 16 weken natuurgerijpt
,"
	2.39
	","
kg-300 g",Gouda Holland kaas 30+. Zonder kleurstof en conserveermiddelen. Ca. 9 plakken. Jong: minimaal 4 weken natuurgerijpt. Jong belegen: minimaal 7 weken natuurgerijpt.
,"
	2.25
	","
200-g-per pak",Jong. Minimaal 4 weken natuurgerijpt. Zachte en kruidige kaas met komijn of Toscaanse kruiden. Ca. 6 plakken.
,"
	3.99
	","
520-g",Goudse jonge kaas met komijn.
,"
	1.75
	","
200-g","Minder vet, smaakt net zo lekker. Belegen of extra belegen 30+ kaas."
,"
	1.99
	","
250-g-Per pak",Jong belegen of jong. Minimaal 4 weken natuurgerijpt.
,"
	1.89
	","
190-g",Ca. 6 plakken.
,"
	6.49
	","
950 g","Goudse jong belegen kaas, minimaal 7 weken natuurgerijpt."
,"
	4.49
	","
450-g","Goudse oude kaas, minimaal 52 weken natuurgerijpt."
,"
	4.69
	","
550-g","Goudse extra belegen kaas, minimaal 24 weken natuurgerijpt."
,"
	4.69
	","
600 g","Goudse belegen kaas, minimaal 15 weken natuurgerijpt. 600 g."
,"
	6.39
	","
980 g","Goudse jonge kaas, minimaal 4 weken natuurgerijpt."
,"
	1.99
	","
190-g",Ca. 6 plakken.
,"
	3.39
	","
400-g",Minimaal 7 weken natuurgerijpt. ca 12 plakken.
,"
	3.19
	","
400-g",Gesneden. Ca. 12 plakken.
,"
	2.39
	","
250-g-Per pak",Gesneden. Ca. 8 plakken.
,"
	3.49
	","
450 g","Nu met het On the way to PlanetProof keurmerk! Door te kiezen voor deze kaas, maak je een betere keuze voor natuur, klimaat én dier. En dat proef je!"
,"
	2.59
	","
200-g",Pittige oude Hollandse Gouda kaasplakken 48+.
,"
	2.29
	","
200 g",Volle en romige Hollandse Gouda kaasplakken 48+.
,"
	1.69
	","
125 g",Op beukenhout gerookte kipfilet.
,"
	1.19
	","
150-g",De gekookte Gelderse worst en grillworst smaken heerlijk op brood. Het grillrandje geeft de grillworst een fraaie uitstraling en een uitgesproken smaak.
,"
	0.83
	","
125-g",Gekookt.
,"
	0.35
	","
150-g",Heerlijk romig en smeuïg.
,"
	1.09
	","
150 g","Keuze uit peper, room en cranberry. Heerlijk op brood, maar ook lekker op toast of bij de borrel en daarnaast heerlijk door salades."
,"
	0.89
	","
500-g",Heerlijk smeuïg en lekker op brood.
,"
	1.39
	","
150 g","Gesneden ontbijtspek, heerlijk meegebakken onder een eitje."
,"
	2.29
	","
80-g",Houtgerookt en ovengebakken ontbijtspek.
,"
	2.19
	","
100-g",Sappig en rosé gebraden.
,"
	2.79
	","
123 g","Met parmigiano reggiano kaas, dressing en pijnboompitjes."
,"
	1.59
	","
150-g",Lichtgezouten en gerookt.
,"
	1.69
	","
150-g",Gesneden plakjes katenspek om koud te consumeren.
,"
	1.49
	","
150-g",Lekker op de boterham.
,"
	1.59
	","
150-g",Met uitjes of peper
,"
	2.19
	","
250 g","Ambachtelijke varkensgrillworst, mild gekruid."
,"
	0.89
	","
150 g","Licht gekruid gebraden gehakt, heerlijk rijk en verfijnd."
,"
	0.99
	","
150-g",Parijzer boterhamworst.
,"
	0.79
	","
150-g",Lekker voor op de boterham.
,"
	0.99
	","
150-g",De Ardenner boterhamworst smaakt lekker op een boterham.
,"
	1.59
	","
150 g",Sappig en smaakvol.
,"
	1.49
	","
125-g",Geschikt op brood bij het ontbijt of tijdens de lunch.
,"
	1.79
	","
100-g",Luchtgerijpte ham uit Spanje.
,"
	1.89
	","
150-g",Malse en smaakvolle beenham uit de mooiste delen van de ham.
,"
	1.69
	","
150 g","Malse yorkham, in eigen bouillon gekookt."
,"
	1.09
	","
150-g","Gerookte schouderham, op authentieke wijze gegaard."
,"
	1.19
	","
80 g",Keuze uit luchtgedroogd of mild gerookt.
,"
	1.99
	","
150-g",Gerookte rauwe ham.
,"
	2.23
	","
150 g",Slechts 3% vet.
,"
	1.72
	","
150 g",Boerenham: luchtgedroogde rauwe ham.
,"
	1.89
	","
100 g",Roomkaas gewikkeld in een plakje salami.
,"
	2.29
	","
175 g",Keuze uit belegen of oud.
,"
	1.69
	","
200-g",Kruidendip met frisse roomkaas.
,"
	0.92
	","
190 g",Keuze uit genovese en rosso.
,"
	0.69
	","
200-g",Bevat 30% vet.
,"
	0.99
	","
180-g","Magere kwarkbereiding met toegevoegde eiwitten. Keuze uit de smaken framboos, aardbei, perzik &amp; passie."
,"
	0.99
	","
270-g",Keuze van vanilleyoghurt of aardbei met chocobolletjes.
,"
	0.75
	","
175-g","157 g yoghurt met 18 g crisps. Keuze uit bananenyoghurt met 10% gechocolateerde granen, vanille yoghurt met 10% gechocolateerde granen, gezoete yoghurt met 10% mueslibereiding."
,"
	1.49
	","
600-g-Per pak"," 2 x banaan, 2 x abrikoos en 2 x aardbei."
,"
	1.66
	","
6 x 117 -ml-per pak"," Keuze uit aardbei, vanille, framboos en naturel. Vitamine B6 en D ondersteunen de normale functie van het immuunsysteem."
,"
	0.99
	","
1 l"," 0% vet en geen suiker toegevoegd, 2% vruchtensap."
,"
	1.29
	","
500-g","Lactosevrij. Keuze uit naturel, bosbessen en vanille."
,"
	0.89
	","
750 ml","Keuze uit exotic, aardbei en perzik-passievrucht."
,"
	0.49
	","
250-ml","Keuze uit mild, medium roast, minder zoet en strong roast. "
,"
	0.29
	","
150 g","Heerlijk romig. Keuze uit perzik &amp; passievrucht, framboos, bosvruchten en aardbei."
,"
	0.99
	","
1 l","Best Getest volgens de Telegraaf, mei 2021."
,"
	1.09
	","
500-g","Bevat slechts 0.1% vet. Aardbei, vanille, citroen, perzik of sinaasappel."
,"
	1.29
	","
450-g",Keuze ui:
,"
	1.25
	","
500-g",Keuze uit:
,"
	1.13
	","
500 g",Skyr is de eiwitrijke yoghurt IJslandse stijl. 0% vet en toch lekker romig van smaak.
,"
	1.33
	","
600-g","Volle romige yoghurt in de smaken aardbei, braam of honing. 4 x 150 g."
,"
	1.19
	","
500-g",Bevat 0% vet.
,"
	0.49
	","
500-g",Halfvolle roeryoghurt naturel smaakt heerlijk mild en zacht. Lekker om te combineren met bijvoorbeeld fruit of ontbijtgranen of om zo van te genieten.
,"
	1.79
	","
1 kg",Griekse stijl yoghurt is een lekkere volle en romige yoghurt. Lekker stevig van structuur met een milde zachte smaak
,"
	0.95
	","
1-l",Gemaakt van weidemelk.
,"
	1.49
	","
4 stuks","Lekkere smaakvolle bollen, gevuld met rozijnen. Voor mensen met reuze trek!"
,"
	1.29
	","
6 stuks",Boordevol rozijnen en krenten die er samen met de zachte broodstructuur voor zorgen dat dit het snoepje onder de broodsoorten is.
,"
	1.49
	","
9 stuks","De klassieke mini roomboterrozijnenbol, nu in volkoren variant."
,"
	0.89
	","
8 x 35 g",Gezond eten met je favoriete personages.
,"
	0.99
	","
10 stuks ",Zachte bruine bollen op basis van 50% volkorenmeel. Altijd lekker en makkelijk in het weekend of onderweg.
,"
	0.99
	","
10 stuks","Zachte witte bollen, altijd lekker en makkelijk voor in het weekend of onderweg."
,"
	0.79
	","
6 stuks","Zachte witte bollen, altijd lekker en makkelijk voor in het weekend of onderweg."
,"
	1.29
	","
6 stuks ","Donkere meergranen puntbroodjes, bereid met tarwe, gerst, gierst en haver. Vol zonnepitten en lijnzaad."
,"
	0.95
	","
6 stuks","Zachte puntjes, gebakken van 100% volkorenmeel, Gezond en makkelijk."
,"
	1.79
	","
Heel","Heerlijk robuust meergranen vloerbrood, bereid met tarwe, gerst en gierst. Vol zonnebloempitten en lijnzaad."
,"
	1.79
	","
Heel",Licht vloerbrood gevuld met zonnebloempitten en lijnzaad.
,"
	1.89
	","
Heel ",Voor de bewuste genieter. 100% volkorenbrood met 30% minder zout en 30% meer vezels dan een gewoon volkorenbrood.
,"
	1.79
	","
Heel ",Een overheerlijk zacht brood gebakken met zongerijpte gepofte mais en smaakvolle zonnebloempitten. Voor het bakken is een laagje maisgries op het deeg aangebracht waardoor het brood een stevige afbeet krijgt.
,"
	1.09
	","
Heel","Zeer gezond en voedzaam brood, gebakken van 100% volkorenmeel en voorzien van de karakteristieke krokante tijgerkorst."
,"
	0.99
	","
Heel ","Heerlijk zacht witbrood, met de karakteristieke krokante korst."
,"
	1.09
	","
Heel ","Heerlijk mals oud-Hollands bruinbrood met een zachte kruim, in boerenmodel gebakken."
,"
	0.99
	","
Half ",Dit brood is bereid met 100% volkorenmeel en zit boordevol granen en zaden.
,"
	0.95
	","
Half","Half boeren meergranenbrood, bereid met tarwe, gerst en gierst. Vol zonnepitten en lijnzaad."
,"
	0.99
	","
Heel","Heel volkorenbrood van 100% volkorenmeel, in busmodel gebakken."
,"
	0.80
	","
Heel ","Heerlijk mals oud-Hollands bruinbrood met een zachte kruim, in busmodel gebakken."
,"
	1.59
	","
Heel",Grof volkorenbrood gebakken van 100% volkorenmeel. Met extra gebroken tarwekorrels en zonnebloempitten voor de grove structuur en stevige bite.
,"
	0.95
	","
Half ",Voor de bewuste genieter. 100% volkorenbrood met 30% minder zout en 30% meer vezels dan een gewoon volkorenbrood.
,"
	1.59
	","
Heel ",Dit brood is bereid met 100% volkorenmeel en zit boordevol granen en zaden.
,"
	0.80
	","
Heel","Heel witbrood met een heerlijke zachte kruim, in een busmodel gebakken."
,"
	0.80
	","
400 g","Onmisbaar bij de borrel, BBQ of soep. Lekker met salades, kruidenboter of tapenade."
,"
	0.65
	","
Per stuk","Krokant roomboter bladerdeeg, gevuld met appels en rozijnen, bestrooid met suiker. Verkrijgbaar in winkels met bakkerij-afdeling. <a class=""link link--standard"" href=""/service/winkels-en-openingstijden.html"">Zoek de winkel bij jou in de buurt.</a>"
,"
	8.99
	","
3 l",Pinotage Colombard - Zuid-Afrika
,"
	2.99
	","
0.75 l",Australië
,"
	3.49
	","
0.75 l",Italië
,"
	1.99
	","
0.75 l",Spanje
,"
	4.99
	","
0.75 l",Frankrijk
,"
	4.99
	","
0.75 l",Italië
,"
	2.19
	","
200-g",Volle en romige Hollandse Gouda kaasplakken 48+..
,"
	2.99
	","
0.75 l",Merlot - Frankrijk
,"
	3.49
	","
1 l",Spanje/Zuid-Afrika
,"
	5.99
	","
0.75 l",Frankrijk
,"
	2.99
	","
0.75 l",Pinotage Colombard - Zuid-Afrika
,"
	1.99
	","
150 g","Keuze uit zongedroogde tomaat, Sweet peppers en Yellow peppers. "
,"
	1.09
	","
200 g",Keuze uit pikant en naturel.
,"
	1.39
	","
150 g","Keuze uit de varianten tomaten, zoete peper en groene olijven. "
,"
	1.09
	","
200 g",Keuze uit hummus pikant en zongedroogde tomaat.
,"
	0.99
	","
200 g",Aioli met verse knoflook.
,"
	1.39
	","
Half ",Het koolhydraat gehalte van dit meergranenbrood is maar liefst 60% lager dan regulier meergranenbrood en past hierom prima in een koolhydraatverlaagd dieet.
,"
	1.79
	","
500 g",500 g.
,"
	1.79
	","
150-g",Keuze uit melkchocolade met karamel-zeezout en karamel-stukjes.
,"
	0.87
	","
Per pak",Keuze uit kamille en sensitive.
,"
	1.99
	","
Per pak",3 x 100 vel.
,"
	2.29
	","
Per pak",Solo premium Extra Sterk &amp; Super Absorberend keukenpapier.
,"
	3.65
	","
640-g",Met Edammer en mozzarella. 2 stuks.
,,"
1.2 kg",Keuze uit Classic selectie in saus of Vis selectie in gelei. 12 x 100 g.
,"
	2.09
	","
360-g","Ham, salami of Margherita. 12 stuks."
,"
	2.99
	","
595-g",Een pikante vleessnack. 7 stuks.
,"
	2.79
	","
680-g-Per pak",Rundvlees bitterballen. 34 stuks.
,"
	1.99
	","
480-g",6 stuks.
,"
	0.58
	","
2 stuks",2 x 120 g.
,"
	1.99
	","
480-g",Heerlijke rijk gevulde Aziatische mini snack. 
,"
	3.29
	","
8 x 80 g",Een kruidige frikandel in een krokant jasje. 8 stuks.  
,"
	0.58
	","
2 stuks",2 x 120 g.
,"
	0.99
	","
360-g",6 stuks.
,"
	1.99
	","
500 g",Heerlijk krokant en met 100% Hollandse kip. Ca. 25 stuks.
,"
	2.29
	","
564-g-Per pak",Heerlijke rijk gevulde Aziatische mini snack. 
,"
	1.99
	","
840 g",12 stuks.
,"
	1.69
	","
400 g","Keuze uit kipsaté, goulash en kalfsvlees kroketten. "
,"
	1.49
	","
350-g",5 stuks.
,"
	2.49
	","
16 stuks",Mini snacks voor in de oven.
,,"
320 g","De Dr. Oetker pizza Ristorante Salami smaakt als de echte Italiaanse pizza: een heerlijk dunne bodem, krokant gebakken en belegd met tomatensaus, salami en kaas. De diepvriespizza’s van Dr. Oetker zijn ideaal voor wanneer je geen tijd of zin hebt om te koken. Even thuis afbakken in de oven en smullen maar. Handig om altijd in de vriezer te hebben dus. ALDI heeft verschillende Dr. Oetker pizza’s in het assortiment. Zoals de Dr. Oetker pizza met tonijn, of met mozzarella. Dr. Oetker pizza en onze andere pizza’s zijn voordelig geprijsd, zoals onze klanten gewend zijn bij ALDI.                                                                         "
,"
	1.33
	","
500-g",4 stuks.
,"
	1.33
	","
500-g",4 stuks.
,"
	2.99
	","
2x350-g-Per pak","Met edammer, salami, ham en champignons. 2-pak."
,"
	2.37
	","
455-g",Met gebraden kip en Amerikaanse barbecuesaus.
,"
	1.99
	","
460-g",Tropische combinatie van ananas en ham.
,"
	2.99
	","
680-g","Keuze uit funghi en quattro formaggi met een krokante dunne bodem, net zoals bij de Italiaan! Verpakt per 2 stuks."
,"
	2.99
	","
710 g",2 ovenheerlijke pizza's tonijn. 
,"
	2.75
	","
670 g",2 ovenheerlijke pizza's mozzarella. 
,"
	1.67
	","
1-kg",Voorgebakken in zonnebloemolie.
,"
	3.99
	","
500-g",3-4 stuks.
,"
	6.79
	","
400-g",400 g. Keuze uit mild of pittig gekruid.
,"
	3.99
	","
400-g","Kipshoarma of kipgyros, kant &amp; klaar in 7 minuten."
,"
	2.99
	","
500 g","In de varianten beefburger, cevapcici en chickenburger."
,"
	1.49
	","
160-g",In milde pindasaus. 
,"
	2.99
	","
200-235 g","Keuze uit geruld gehakt, kipreepjes, roerbakreepjes of spekreepjes."
,"
	1.19
	","
160-g",In milde pindasaus.
,"
	2.99
	","
252-290 g",Keuze uit vegan bitterballen (9 stuks) of kroketten (3 stuks).
,,"
360-g",<b>Vissticks</b>
,"
	2.49
	","
750-g",Keuze uit hot of mild. 12 stuks. 
,"
	2.34
	","
250 g","Twee graatloze filets. Wild gevangen, zonder huid."
,"
	2.59
	","
400-nullg","Keuze uit bordelaise, Italiano en broccoli."
,"
	2.99
	","
500 g",In een krokant paneerlaagje. Graatloos.
,"
	7.69
	","
450 g",Zeewater reuzen garnalen met schaal.
,"
	0.94
	","
750-g",Spinazie à la crème. 
,"
	0.84
	","
750-g",Spinazie naturel.
,"
	1.10
	","
250-g","Voor bereiding volledig laten ontdooien, gedurende minimaal 2 uur op kamertemperatuur of 12 uur in de koelkast."
,"
	1.19
	","
250-g",100% natuurlijk. Vol van smaak. Lekker voor de smoothie.
,"
	0.90
	","
225-g",Voor bereiding volledig laten ontdooien. Gedurende minimaal 2 uur of 12 uur in de koelkast.
,"
	1.83
	","
250-g",Voor bereiding volledig laten ontdooien. Gedurende minimaal 2 uur op kamertemperatuur of 12 uur in de koelkast.
,,"
680 ml","Voor 27 wasbeurten. Keuze uit Jasmijn, Lavendel en Magnolia. "
,,"
750 -ml",Keuze uit wit en black. Beschermt de vezels. Je kleding blijft lekker lang ruiken. Handig in gebruik.
,,"
750 -ml",Beschermt de vezels. Je kleding blijft lekker lang ruiken. Handig in gebruik.
,"
	0.69
	","
150-g",Keuze uit:
,"
	1.99
	","
",Verkrijgbaar in 2 x 24 ml incl. houder of 3 x 18 ml navullingen. Keuze uit:
,"
	0.79
	","
6 stuks",Keuze uit normaal en extra zacht. 6 stuks. 
,"
	0.89
	","
Per pak -6-stuks",Droog en nat te gebruiken. Super absorberend. 38x40 cm. 6 stuks
,"
	1.29
	","
80-stuks",Hygiënisch en sterk reinigend. Geschikt voor alle oppervlakken. Keuze uit lemon fresh en ocean. 80 stuks.
,"
	0.44
	","
1-l",Hecht beter en werkt beter.
,"
	0.68
	","
750-ml","Voor het hardnekkige vuil. Reinigt grondig, geeft glans zonder krassen."
,"
	1.49
	","
50-g",Keuze uit blokjes kip en inktvis en strips kip. 50 g.
,"
	1.19
	","
65-g",Met kip of zalm.
,"
	1.39
	","
1-kg ","Volledige voeding voor katten in brokjes rund en rijk aan vitaminen. Keuze uit rund, lam, lever &amp; groenten en yucca, lever &amp; groenten."
,"
	2.29
	","
2 kg",Brokjes met rund en toegevoegde groente. 
,"
	0.85
	","
150 g",150 g.
,"
	4.69
	","
500-g",Zonder huid met een volle smaak en stevige structuur.
,"
	2.99
	","
300-g",Knoflook-kruiden. 2 stuks.
,"
	2.85
	","
2.025-kg",30 wasbeurten.
,"
	6.66
	","
400 g",Gepelde en ontdarmde garnalen. Geblancheerd in knoflookolie of Indian curry marinade.
,"
	1.83
	","
250-g","Mix van frambozen, bosbessen, rode aalbessen, aarbeien, zwarte aalbessen en krieken."
,"
	2.99
	","
300-g",Mosterd-dille. 2 stuks. 
,"
	1.16
	","
250-g",Voor bereiding volledig laten ontdooien. Minimaal 2 uur op kamertempratuur of 12 uur in de koelkast.
,"
	1.42
	","
1-l","60 wasbeurten. Keuze uit Crazy in love, blue skies en white dream."
,"
	2.85
	","
2.025-kg",30 wasbeurten.
,"
	4.29
	","
22 wasbeurten",Speciaal geschikt voor de witte was. Dankzij de handige capsule is het gemakkelijk doseerbaar en gebruikt u nooit te veel. Wast stralend schoon al vanaf 30°C.
,"
	4.29
	","
22 wasbeurten",Speciaal geschikt voor de gekleurde was. Dankzij de handige capsule is het gemakkelijk doseerbaar en gebruikt u nooit te veel. Wast stralend schoon al vanaf 30°C.
,"
	2.79
	","
1.1-l",Voor een stralende witte was. 20 wasbeurten.
,"
	2.70
	","
1-l","Speciaal geschikt voor de witte en kleurechte was. Voor hand- en machinewas. Wast stralend schoon al vanaf 20º C. De Care Formule van Una wit Compact &amp; Sterk werkt in op de stof van uw wit wasgoed, voor een langdurige vezelbescherming en tegen vergrijzing. Geniet van stralend mooi en fris wasgoed dat in vorm blijft. 28 wasbeurten."
,"
	1.70
	","
1-l","Voor wol of fijne weefsels, geschikt voor hand- en machinewas. Met kleurbeschermer. 28 wasbeurten"
,"
	2.79
	","
1-l","Speciaal geschikt voor de gekleurde was. Geschikt voor hand- en machinewas en wast stralend schoon al vanaf 20º C. De Care Formule van Una Kleur Compact &amp; Sterk werkt in op de stof van uw gekleurd wasgoed, voor een langdurige vezel- en kleurbescherming. Geniet van stralend mooi en fris wasgoed dat in vorm blijft. 28 wasbeurten."
,"
	1.99
	","
110-g","5-in-1. Verfrist, reinigt, schuimt, voorkomt kalkaanslag en hygiënisch. Keuze uit:"
,"
	1.69
	","
165-ml",Met houder en 3 vullingen. Keuze uit:
,"
	0.48
	","
1-l","Voor ontkalken, reinigen en ontvetten."
,"
	2.39
	","
1.5-l",42 wasbeurten.
,"
	2.79
	","
1.1 l",Vloeibaar wasmiddel voor een stralende schone was. Houdt de kleuren mooi. 20 wasbeurten.
,"
	0.98
	","
0,3-l-Per fles","Lavendel, marine of waterlelie."
,"
	0.89
	","
1-l",De ideale reiniger voor alle glas- en spiegeloppervlakken. Ontvet en laat geen sporen achter.
,"
	0.79
	","
Per stuk","50 meter op rol extra sterk, 29 cm breed."
,"
	1.69
	","
750 ml",Effectief tegen verbrand en aangekoekt vet en olie. Geschikt voor diverse oppervlakken. 
,"
	1.69
	","
Per stuk","30 meter op rol, extra sterk, 30 cm breed."
,"
	0.99
	","
1-l","In de varianten wild pink, blue wave en fresh lemon."
,"
	0.99
	","
1.25 l","Keuze uit wilde roos, eucalyptus en citroen. Geschikt voor alle afwasbare oppervlakten. Maakt grondig, zonder strepen, schoon en zorgt bovendien voor een fijne geur. Eucalyptus allesreiniger is uitgeroepen tot Beste Koop volgens De Consumentenbond januari 2020."
,"
	0.53
	","
Per stuk",120 stuks op rol.
,"
	0.89
	","
Per stuk","30 vellen op rol, 38x42 cm per vel."
,"
	1.09
	","
15 stuks","15 stuks op rol, 60 liter."
,"
	0.99
	","
Per stuk","20 stuks op rol, 60 liter."
,"
	1.29
	","
Per stuk","10 stuks op rol, 120 liter."
,"
	0.51
	","
Per stuk","30 stuks op rol, 25 liter met handvat."
,"
	1.19
	","
300-g",Heerlijke krokante pinda's. 
,"
	2.35
	","
50-g","Rooster de pijnboompitten voor gebruik om de smaak te versterken. Zeer smaakvol in een salade, pesto of over de carpaccio."
,"
	1.99
	","
125-200 g","Keuze uit cacao nibs, chiazaad of hennepzaad."
,"
	1.54
	","
500-g",Keuze uit lijnzaad heel en gebroken.
,"
	3.89
	","
200-g",Pecannoten ongebrand. Zonder toevoegingen. 
,"
	2.85
	","
200 g",Gepelde walnoten.  
,"
	1.99
	","
200-g ","Een rijke melange van rozijnen, amandelen, hazelnoten, paranoten, walnoten en cashewnoten. "
,"
	1.99
	","
200-g",Heerlijke ongebrande amandelen. 100% natuurlijk.
,"
	1.99
	","
250-g",Keuze uit cranberry notenmix met rozijnen en studentenhaver met pinda's.
,"
	3.18
	","
250-g",Geroosterd &amp; gezouten.
,"
	0.98
	","
350-g",Gezouten pinda's.
,"
	0.86
	","
250-g",Ongezouten.
,"
	1.59
	","
200/300-g",Smaakvolle pitten. Een mix van pompoen-zonnebloem of pompoenpitten.
,"
	1.19
	","
300-g",Heerlijke cocktailnootjes met een lekker kruidig laagje.
,"
	1.19
	","
300-g",Keuze uit krokante poesta of oriental noten.
,"
	1.49
	","
250 g",﻿Pinda’s omhuld in een krokant laagje. Keuze uit BBQ-paprika en bacon-kaas.
,"
	1.99
	","
200-g",Honing-zeezout of honing-rode peper.
,"
	1.19
	","
250 g","Pepitamix is een gezouten mix van katjang pedis, amandelen en geroosterde pompoenpitten. Katjang pedis zijn gebrande pinda's met een pittig krokant jasje."
,"
	1.98
	","
200-g",Gezouten.
,"
	0.99
	","
200 g",Melkchocolade.
,"
	2.29
	","
200-g","Gezouten en gekruide noten-pindamix in de varianten pistache, olijf en macadamia. "
,"
	2.27
	","
200-g-Per zak",Ongezouten. 
,"
	2.29
	","
200-g","Frisse melange met cranberries, cashewnoten, amandelen en walnoten."
,"
	1.69
	","
125-g","Mix van pinda's, cashewnoten en amandelen drooggeroosterd en gekruid."
,"
	2.49
	","
200-g","Rijke melange met amandelen, hazelnoten, walnoten en paranoten."
,,"
115 g",Maïszoutje met kaassmaak.
,,"
200 g","Lay's SuperChips is door de geribbelde structuur een combinatie van super smaak, mega kraak en intens genieten. Paprika, vertrouwd lekker!"
,,"
200 g","Lay's SuperChips is door de geribbelde structuur een combinatie van super smaak, mega kraak en intens genieten. Naturel, vertrouwd lekker!"
,,"
100 g",Verdraaid lekker.
,,"
115 g",Bros zoutje met de smaak van ham en kaas. 
,"
	1.29
	","
175-g","Gebakken in 100% zonnebloemolie zonder kunstmatige smaakstoffen. In de smaken original, paprika of sour cream en onion."
,"
	0.99
	","
200-g","Knapperige lichte gezouten nacho chips. Heerlijk bij guacamole, salsa of gesmolten kaas. "
,"
	0.88
	","
150-200-g",Luchtige zoutjes in de smaken ham-kaas en kaas.
,"
	0.61
	","
185-g","Lekkere maïssnack in de smaken nacho cheese, sweet chili en cool cream."
,"
	1.19
	","
150-g",Knapperige handcooked chips. In de varianten zeezout en peper &amp; zeezout.
,"
	0.89
	","
250-g",Knapperige chips in de smaak paprika.
,"
	0.99
	","
250-g",Krokante paprika ribbelchips.
,"
	0.99
	","
250-g","Knapperige chips, in de varianten cheese &amp; onion of bolognese."
,"
	0.59
	","
150-g",Naturel of paprika.
,"
	3.19
	","
Per pak",Solo Super Zacht &amp; Extra Sterk toiletpapier.
,"
	0.89
	","
250-g",Knapperige naturel chips. 
,"
	3.59
	","
Per pak",Solo Zacht &amp; Extra Sterk toiletpapier
,"
	4.89
	","
Per pak",Solo Zacht &amp; Sterk toiletpapier
,,"
390 ml",Verwijdert vetresten volledig en geeft een schitterende glas. 
,"
	0.79
	","
500 ml","Voor een frisse geur en stralende glans. Sterk tegen aangekoekte etensresten. Extra krachtig tegen vet en zetmeel. Extra zuinig in gebruik, tot 250 wasbeurten."
,"
	2.69
	","
40-stuks",Fosfaatvrij. Schoon en stralend resultaat door all-in-1 formule. Toevoegen van zout of glasprotectie niet nodig. In water oplosbare folie verpakt. 40 stuks.
,"
	0.79
	","
2-kg","Voor een extra schoon, droog en glanzend wasresultaat. Voorkomt kalkaanslag. Voor een langere levensduur van uw vaatwasmachine."
,"
	0.89
	","
Per pak",Keuze uit diverse vrolijke kleuren.
,,"
106-184 g","Keuze uit kippensoep, groentesoep en tomatensoep."
,"
	0.48
	","
60/101-g","Groente, kip of tomaat. 2 zakjes voor 3 borden."
,"
	0.40
	","
36-54-g","Keuze uit champignon crème, kerrie, kip of tomaat. "
,"
	1.19
	","
340-ml",Met stukjes vlees. Keuze uit kip en rund. 
,"
	1.03
	","
800-ml",Rijk gevulde erwtensoep naar Hollands recept met rookworst.
,"
	1.11
	","
800-ml","Lekkere, rijk gevulde tomatensoep met soepballen."
,"
	0.25
	","
100-g","Keuze uit gevogelte, kalf &amp; kip, kip en koolvis."
,"
	3.79
	","
12 x 85 g","Zonder kunstmatige kleurstoffen en conserveringsmiddelen. Een multipack karton bevat 12 maaltijdzakjes. In totaal 4 smaken, 3 maaltijdszakjes per smaak voor de nodige variatie. 12 porties à 85 g."
,"
	1.99
	","
",Stevige Aldi jute draagtas om altijd te gebruiken voor de boodschappen.  
,"
	2.29
	","
2-kg",Brokjes met zalm en toegevoegde groente.  
,"
	3.79
	","
12 x 85 g","Zonder kunstmatige kleurstoffen en conserveringsmiddelen. Een multipack karton bevat 12 maaltijdzakjes. In totaal 4 smaken, 3 maaltijdszakjes per smaak voor de nodige variatie. 12 porties à 85 g."
,"
	1.89
	","
750-g","Complete kattenvoeding, rijk aan voedingsstoffen en vitaminen. In hersluitbare vershoudverpakking. Keuze uit 3 hoogwaardige formules: ‘Adult’(+1 jaar)‘Senior’(+8 jaar), of 'Sensitive'."
,"
	0.40
	","
415 g","Keuze uit wild en gevogelte, kip en kalkoen en zalm en forel."
,"
	2.66
	","
1.2-kg",12 maaltijdzakjes met:
,"
	2.66
	","
1.2-kg",12 maaltijdzakjes met:
,,"
340 g",Gepofte rijst in heerlijke melkchocolade met daar omheen een krokant gekleurd suikerlaagje.
,,"
440 g",Heerlijke melkchocolade in een krokant gekleurd suikerlaagje.
,,"
400 g",Pinda's in heerlijke melkchocolade met daar omheen een krokant gekleurd suikerlaagje.
,,"
535g","Een heerlijke mix van kleine Snickers, Mars, Bounty, Twix en Milky Way chocoladerepen. Ideaal om uit te delen."
,,"
150 g",Milka alpenmelkchocolade is gemaakt van de heerlijke combinatie van cacao en Alpenmelk.
,"
	1.23
	","
6 x 50 g","Keuze uit pinda power, caramel power en cookie power."
,"
	1.49
	","
200-g","Keuze uit witte chocolade met hazelnoten pralinévulling, melkchocolade met pralinévulling en pure chocolade met hazelnoten pralinévulling."
,"
	1.25
	","
125 g","Keuze uit puur chili, puur zeezout en puur mint."
,"
	1.49
	","
","Chateau Laviano melk: luchtige wafels met een fijne melk crèmevulling en fijngemalen hazelnoten, omhuld met melkchocolade."
,"
	2.45
	","
500 g",Heerlijke zak gevuld met diverse soorten mini candybars.
,"
	1.99
	","
300-g",Pralines van melkchocolade of pure &amp; witte chocolade met krokante vulling. 
,"
	1.84
	","
250-g",Belgische chocolade met een vulling van geroosterde hazelnoten.
,"
	2.79
	","
175/185 g","Luxe bonbons, melk, wit en puur, gevuld met room en vloeibare karamel."
,"
	1.03
	","
200-g",Onthuld met een dikke laag Belgische melkchocolade.
,"
	1.34
	","
150 g",Luchtige chocoladereep in de varianten melk en wit.
,"
	1.99
	","
300-g",Keuze uit knapperige biscuit en fijne melkcrème in zachte volle melkchocolade of knapperige biscuit met de smaak van black &amp; white. 9 reepjes.
,"
	1.74
	","
200-g","5 reepjes van 40 g. Keuze uit melk hazelnoot, melk praliné, wit, puur en melk room. "
,"
	1.49
	","
200-g",Zachte karamelcrème omhuld door fijne melkchocolade. 200 g.
,"
	1.49
	","
200 g",200 g.
,"
	1.49
	","
200-g",200 g.
,"
	1.49
	","
200 g",200 g.
,"
	0.79
	","
100-g",Melkchocolade met hele hazelnoten.
,"
	1.29
	","
125 g",Keuze uit:
,"
	1.79
	","
150 g","100% Belgische chocolade. Keuze uit de smaken Hazelnut, Salted Caramel en 70% Dark Chocolate."
,"
	1.25
	","
125-g","Keuze uit puur sinaasappel amandel, puur geroosterde hazelnoot en puur karamel zeezout."
,"
	1.29
	","
125-g",Keuze uit puur 85% of 70%.
,"
	1.38
	","
100-g-Per reep","Fairtrade chocolade uit verschillende landen. Peru pure chocolade (64% cacao), Ecuador pure chocolade. (71% cacao) of Ghana pure chocolade (72% cacao)."
,,"
225 g","Keuze uit drop, mint en fruit."
,"
	1.89
	","
100-g","Keuze uit chlorophyl, peppermint, spearmint en strawberry lime."
,"
	1.37
	","
100-g-Per pak","Ca. 70 stuks. Keuze uit classic mint, freshmint, golden power, peppermint of sweet cherry. "
,,"
54-g",3-pack. Keuze uit extra mint en smash mint.
,"
	1.48
	","
70 stuks","Keuze uit sweetmint, original mint en greenmint."
,"
	1.05
	","
2-pack","Keuze uit drop, menthol en honing lemon."
,"
	1.29
	","
88-g",Keuze uit Latte macchiato en IJsthee perzik. 
,"
	1.31
	","
200-300-g",Keuze uit Menthol groentjes of Hoestmelange.
,"
	1.29
	","
50 g","Per 2 stuks verpakt. Keuze uit dropmint, sweetmint, spearmint en peppermint. "
,"
	0.98
	","
190 g","Zachte dragees. Drop, mint of fruit. 5 rollen per pak."
,"
	1.29
	","
360/400-g",Verfrissende pepermuntballen of -kussentjes.
,"
	0.99
	","
205-g",5 rollen hoestpastilles of pepermunt.
,"
	1.84
	","
340-g ","Stevige laurier-, zoete of zoute drop in de vorm van woonbootjes, grachtenpandjes of korenmolens."
,"
	0.99
	","
300/335-g",Keuze uit honing- en muntendrop.
,"
	1.29
	","
600-g",600 g.
,"
	0.89
	","
100-g",Keuze uit zout en zoet.
,"
	1.59
	","
600-g","Heerlijke combinatie van drop, fruitsmaken en kokos."
,"
	0.78
	","
250-g",Keelpastilles. In de smaken classic salmiak of menthol-eucalyptus.
,,"
328-g",Keuze uit wingeum mix en dropfruit duo's.
,"
	1.99
	","
400-600-g",Keuze uit:
,,"
300 g",Keuze uit kersen of perziken.
,"
	1.99
	","
Per stuk","Keuze uit Maxi mix, Pret mix en Zure mix."
,"
	1.29
	","
300-g",10 keer lekker trakeren! 
,"
	2.99
	","
170-g",Rijk aan eiwitten. Bevat nagenoeg geen vetten. Keuze uit:
,"
	1.39
	","
250-g",Zachte toffee met cacaocrèmevulling.
,"
	4.69
	","
4-kg","Uitgebalanceerde hondenvoeding met rundvlees, groenten, granen enrijst. Rijk aan calcium voor sterke botten."
,"
	0.94
	","
1.24-kg",Malse vleesbrokken in saus. Met natuurlijke voedingsvezels. Keuze uit:
,"
	3.99
	","
3-kg",Complete dierenvoeding voor honden. Bevat veel eiwitten voor krachtige spieren en zink voor een mooie vacht. Rijk aan calcium.                                                    
,"
	0.99
	","
400-g ","Mix van hart en lever, kip of rund."
,"
	0.85
	","
55/200-g ",Diverse tussendoortjes voor honden met veel vers vlees en graanproducten. Verkrijgbaar als kauwstrips 20 stuks of kauwstengels 5 stuks. Diverse smaken.
,"
	7.91
	","
10-kg","Evenwichtige voeding voor uw hond met een uitgebalanceerde combinatie van vlees-, granen- en groentebrokken."
,"
	0.99
	","
225-g",Geroosterd zonder olie.
,"
	0.99
	","
250-g",Krokante naturel ribbelchips.
,,"
200-g",Wafel met melk- en hazelnootvulling. 8 stuks.
,"
	1.50
	","
255 g",7 x 2 stuks. Keuze uit aardbei en bosvruchten.
,"
	0.75
	","
225 g",Amerikaanse koekjes met chocolade. 
,"
	1.74
	","
330 g","Met roomboter bereid. Keuze uit naturel of duo, 8 stuks."
,"
	1.25
	","
240-g",Met stukjes chocolade. Per stuk verpakt. 8 stuks.
,"
	0.89
	","
450 g",Ambachtelijke speculaas op traditionele wijze bereid.
,"
	1.66
	","
250-g","Met echte boter. Melk, puur of witte chocolade. Per 2 verpakt in handig pocketverpakking. 10 x 2 stuks."
,"
	0.98
	","
210-g","Knapperige, luchtige koekjes met stukjes pinda. Ca. 26 stuks."
,"
	1.65
	","
380 g",Jode- of koffiekoeken in handige hersluitbare trommel.
,"
	0.99
	","
300 g",Keuze uit puur of melk.
,"
	0.74
	","
200-g",Lekker luchtig en krokant. Ca. 33 stuks.
,"
	1.59
	","
350 g",Zachte cake met een chocolade-creme vulling. 10 stuks.
,"
	1.99
	","
300-g","Mini wafels met zachte stroopvulling, bereid met roomboter."
,"
	1.19
	","
200 g",Heerlijk bros en knapperig. Met pindaschaafsel.
,"
	1.19
	","
200-g",Ca. 20 stuks.
,"
	1.22
	","
300-360-g",Glutenvrij. 
,"
	1.99
	","
500 g",Bereid met roomboter.
,"
	1.99
	","
270 g",Disco biscuit. 10 stuks.
,"
	1.69
	","
250-300 g",Keuze uit pindakoeken of amandelharten. 10-12 stuks.
,"
	1.25
	","
175-g",12 stuks.
,"
	1.37
	","
400-415 g","Aarbei pencees 8 stuks, roomboter gevulde koeken 6 stuks."
,"
	1.59
	","
400 g",Cakejes met glazuurlaag en frambozenvulling. 8 stuks. 
,"
	1.35
	","
420 g",6 stuks.
,"
	0.88
	","
300-g",Wafels in handige portieverpakking. 6 porties. 
,"
	0.89
	","
330 g","Met banketspijsvulling, 6 stuks."
,"
	1.15
	","
270-g",Roomboter. 6 stuks. 
,"
	0.92
	","
280/305 g",6 grote of 8 mini roze koeken. 
,"
	0.99
	","
150-ml","Best Getest door Algemeen Dagblad, februari 2021."
,"
	0.71
	","
500-ml",Heerlijke slasaus in de varianten halfvol en vol.
,"
	0.89
	","
75-129-g",Voor 250 ml saus per portie. Keuze uit:
,"
	1.09
	","
200 ml","Keuze uit sweet chili, teriyaki en zoetzuur."
,"
	1.53
	","
490-g","Keuze uit tradizionale, piccante en basilicum."
,"
	1.75
	","
450 ml",Sweet honey BBQ of smokey American BBQ.
,"
	1.50
	","
0,265-l-Per fles",Amerikaanse of Turkse knoflooksaus.
,"
	1.45
	","
265-ml",Keuze uit:
,"
	0.71
	","
250-ml","Keuze uit barbecue, knoflook en whisky cocktailsaus. "
,"
	0.69
	","
200-ml",Keuze uit citroen- en limoensap. 
,"
	1.79
	","
450-g",450 g.
,"
	0.50
	","
120-g","Kippen, rundvlees of groente. 12 blokjes."
,"
	1.12
	","
188-g",Oosterse mix voor nasi en bami goreng. 4 zakjes.
,,"
275 g",Unox rookworst mager varken.
,"
	0.69
	","
50-g",2 x 25 g.
,"
	2.09
	","
100-g","Keuze uit Mediterraan, classic en licht pikant."
,"
	1.29
	","
400 g","Keuze uit kalf, kip en champignon. "
,"
	1.55
	","
400 g","Keuze uit pittig, naturel en kip. 250 g."
,"
	1.35
	","
420-g",Appelrondo's met roomboter en appel. Per stuk verpakt. 6 stuks.
,"
	1.10
	","
200-g",200 g.
,"
	1.59
	","
104-g",Malse skipjack tonijn in olijfolie in easy open blikje.
,"
	0.86
	","
240-265-g","Keuze uit linzen, kikkererwten of zwarte bonen. "
,"
	0.59
	","
320-g",320 g.
,"
	0.92
	","
350-g",Keuze uit kruiden en honing.
,"
	0.85
	","
360-g",Zoetzuur.  
,"
	0.59
	","
190-g",Zoetzuur.
,"
	0.79
	","
220-g",Extra fijn.
,"
	0.84
	","
95-g",Keuze uit:
,"
	1.09
	","
220-g",4 zakjes.
,"
	0.69
	","
2-10-g","Keuze uit laurierblad, kruidnagel en kaneelstokjes."
,"
	0.99
	","
12-35 g","Keuze uit peterselie, uien en bieslook."
,"
	0.99
	","
160 g","Keuze uit gehakt, aardappel, aroma, vlees, vis en kip."
,"
	0.89
	","
15-30-g","Keuze uit basilicum, oregano, rozemarijn, tijm en Italiaanse kruiden."
,"
	0.99
	","
50-g","Keuze uit gemalen komijnzaad, kurkuma, koriander en gember."
,"
	0.79
	","
50-g","Chilipoeder, zwarte peper, witte peper of paprikapoeder."
,"
	1.49
	","
360 g","Keuze uit appel, appel-aardbei, appel-banaan en appel-peer."
,"
	0.85
	","
50-60-g","Keuze uit knoflook, kerrie, nootmuskaat en kaneel."
,"
	0.99
	","
35-90-g","Keuze uit 4-seizoenen, zeezout en zwarte peper."
,"
	1.29
	","
400 g","Keuze uit kalf, kip en champignon. "
,"
	0.81
	","
500-g","Keuze uit spaghetti, penne en fusilli."
,"
	2.59
	","
500 g",Twee lagen taartbodem gevuld met een mokka bavaroise en rondom bedekt met krokante rice crispies.
,"
	3.29
	","
1080-g","Goed Getest volgens het Algemeen Dagblad, september 2019. "
,"
	3.69
	","
1 kg",Heerlijk romig. 12 porties.
,,"
250 ml","Unieke, populaire mix van Bacardi Carta Blanca gemixt met cola. Gekoeld serveren. Alcohol: 5% vol."
,"
	0.99
	","
250 ml","Keuze uit gin tonic, rum cola en vodka orange. 5-6% vol."
,"
	3.39
	","
0.5 l",Nederland
,"
	4.99
	","
0.70-l-Per fles",Spanje
,"
	1.69
	","
1-l ",Met natuurlijke bourbon-vanille-aroma.
,"
	0.49
	","
0.5-l",Alcoholpercentage: 5%
,,"
4 stuks ","Magnum ijs is onweerstaanbaar lekker. Het romigste roomijs, omhuld met een dikke laag echte chocolade. Niet voor niets is dit ijsje al tientallen jaren onverminderd populair. Natuurlijk kan deze klassieker niet ontbreken in het ijs-assortiment van ALDI. Kies uit de smaken Magnum Almond, omhuld met melkchocolade met crunchy stukjes amandel, de Classic met alleen chocolade, of Magnum White, met witte chocolade. Of ga voor de Magnum Mini’s, met verschillende smaken. En de prijs van Magnum ijs bij ALDI? Die is laag, zoals altijd.                                                                    "
,"
	1.89
	","
270-ml","Keuze uit creme brûlée-caramel, espresso-coffee, pistache-chocolate en salted caramel."
,,"
6x 250-ml",Met draaidop.
,"
	0.49
	","
250-ml","Keuze uit mild, medium roast, minder zoet en strong roast. "
,"
	3.49
	","
500-g",Milde en aromatische koffie van 100% Arabicabonen.
,"
	3.89
	","
500-g",Milde en aromatische koffie van 100% Arabicabonen.
,"
	3.69
	","
500-g","Geurige, aromatische, iets pittige koffiemelange van90% Arabica- en 10% Robustabonen."
,,"
16 stuks",16 stuks.
,"
	2.15
	","
100 g",Extra dark roast van extra donker gebrande 100% Arabica bonen.
,"
	1.58
	","
250-g",Voor ca. 25 kopjes.
,"
	6.49
	","
1-kg",Romig &amp; aromatisch.
,"
	0.89
	","
0.5-l",0.5 l.
,"
	3.89
	","
6 x 0.33 l","Een zeer verfrissend bier, wordt ijskoud en rechtstreeks uit de fles gedronken met een partje limoen in de hals. 6 stuks. Alcohol: 4.6% Vol. "
,"
	3.20
	","
4 x 33 cl","Een blond abdijbier van hoge gisting, met een warme, volle smaak en toetsen van kruidnagel en kaneel. Fruitig, licht kruidig gistaroma. Alcohol 0.0% Vol."
,"
	3.99
	","
4 x 33 cl",Goed Getest door World Beer Awards 2021 Belgium Gold. 
,"
	3.99
	","
4 x 33 cl","Een blond abdijbier van hoge gisting, met een warme, volle smaak en toetsen van koriander, curaçao (sinaasappelschil) en kaneel. Fruitig, licht gerookt gistaroma. Alcohol 8.7% Vol."
,"
	3.99
	","
4 x 33 cl",Goed Getest door World Beer Awards 2021 Belgium Silver. 
,"
	0.69
	","
0.5-l",Alcoholpercentage: 5.2%
,"
	1.99
	","
6 x 330 ml",Alcoholvrij bier.
,"
	0.99
	","
500-ml",Alcohol: 12% vol.
,"
	0.85
	","
0.5-l",Alcoholpercentage: 8%.
,"
	1.99
	","
6 x 33 cl",6 x 33cl.
,"
	0.65
	","
0,5-l",Bier en limonade met citroensmaak. Alcohol: 2% vol.
,"
	1.08
	","
40 g","Thee assortiment om voor jezelf te zorgen in drie verschillende smaken. Keuze uit Goedenacht, Soultime en Buikfijn."
,"
	1.13
	","
25 zakjes",Darjeeling of Earl grey. 25 zakjes.
,"
	0.99
	","
20 x 1.75 g",4 varianten winters thee met een rijke smaak.
,"
	0.56
	","
25 stuks","Engelse Melange, Earl Grey of Ceylon. 25 éénkopszakjes."
,"
	0.56
	","
20 x 4 g","Hoogland theemelange met een vleugje bergamot-olie, dat de thee zijn unieke fruitachtige karakter geeft. 20 zakjes."
,"
	0.50
	","
20 x 4 g",20 zakjes.
,"
	0.63
	","
25-zakjes","Keuze uit citroen, cranberry of naturel."
,"
	2.69
	","
36-stuks",Goed Getest volgens het Algemeen Dagblad mei 2020. 
,"
	0.67
	","
464-ml",Gepasteuriseerd.
,"
	0.77
	","
472-ml",Gepasteuriseerd.
,"
	1.99
	","
660 ml",Vanilleijs met melkchocolade.
,"
	2.09
	","
12 x 50 ml","Mix van classic, white, almond en dark."
,"
	1.99
	","
660 ml",Vanilleijs met witte chocolade.
,"
	1.58
	","
960-ml",<b>Cornetto</b>
,"
	1.09
	","
","Keuze uit choco, aardbei, choco candy en karamel."
,"
	1.99
	","
660 ml",Vanilleijs met melkchocolade en amandel.
,"
	1.99
	","
560-ml","Keuze uit vanille-aardbei, triple choc, karamel en dame blanche."
,"
	0.99
	","
10x60-ml",<b>Raketijsje</b>
,"
	2.39
	","
500-ml",Lekker romig cookie dough roomijs met stukjes koek en chocolade.
,"
	2.09
	","
500-ml",Lekker romig triple chocolate roomijs met chocoladesaus.
,"
	2.09
	","
500-ml",Lekker romig strawberry cheesecake roomijs met stukjes aardbei.
,"
	2.19
	","
900-ml",Met chocoladesaus en chocoladekrullen.
,"
	1.79
	","
1-l ",Met stukjes Belgische chocolade.
,"
	2.19
	","
900-ml",Met stukjes chocolade.
,"
	2.09
	","
900-ml",Lekker romig met gekarameliseerde pecannoten.
,"
	2.19
	","
900-ml",Met gezouten boter roomijs. 
,"
	1.79
	","
1 l", Met krokante stukjes pure chocolade.
,"
	1.79
	","
1 l ",Met echte stukjes aardbei.
,"
	1.99
	","
900 ml",Met stukjes pistache. 
